,Case_Based,Genetic_Algorithms,Neural_Networks,Probabilistic_Methods,Reinforcement_Learning,Rule_Learning,Theory
Case_Based,0.7,0.03333333333333333,0.15,0.016666666666666666,0.016666666666666666,0.0,0.08333333333333333
Genetic_Algorithms,0.0,0.8928571428571429,0.09523809523809523,0.0,0.0,0.0,0.011904761904761904
Neural_Networks,0.006097560975609756,0.036585365853658534,0.8658536585365854,0.042682926829268296,0.012195121951219513,0.0,0.036585365853658534
Probabilistic_Methods,0.0,0.0,0.15294117647058825,0.8117647058823529,0.011764705882352941,0.0,0.023529411764705882
Reinforcement_Learning,0.0,0.06976744186046512,0.11627906976744186,0.0,0.813953488372093,0.0,0.0
Rule_Learning,0.08333333333333333,0.0,0.2222222222222222,0.0,0.0,0.4722222222222222,0.2222222222222222
Theory,0.04285714285714286,0.014285714285714285,0.2,0.04285714285714286,0.02857142857142857,0.014285714285714285,0.6571428571428571
